{
  "intrinsics" : [
    1599.6956787109375,
    0,
    938.7872314453125,
    0,
    1599.6956787109375,
    713.37432861328125,
    0,
    0,
    1
  ],
  "time" : 5724.3723589583342,
  "cameraPoseARFrame" : [
    -0.46016299724578857,
    0.85899144411087036,
    -0.22446295619010925,
    -0.31708496809005737,
    -0.761177659034729,
    -0.25156161189079285,
    0.59776681661605835,
    -0.33421078324317932,
    0.457010418176651,
    0.44592621922492981,
    0.76960450410842896,
    -0.34653764963150024,
    0,
    0,
    0,
    0.9999997615814209
  ],
  "projectionMatrix" : [
    1.6663496494293213,
    0,
    0.021575808525085449,
    0,
    0,
    2.2217996120452881,
    -0.008507847785949707,
    0,
    0,
    0,
    -0.9999997615814209,
    -0.00099999981466680765,
    0,
    0,
    -1,
    0
  ],
  "frame_index" : 0
}
